{"cameraMode":{"drawMode":0,"name":"Shaded","section":"Shading Mode"},"sceneLighting":true,"audioPlay":false,"sceneViewState":{"showFog":true,"showMaterialUpdate":false,"showSkybox":true,"showFlares":true,"showImageEffects":true,"showParticleSystems":true},"in2DMode":false,"pivot":{"x":0.986328125,"y":3.1067285537719728,"z":0.5210046172142029},"rotation":{"x":0.07552981376647949,"y":0.0014957374660298229,"z":-0.0001132191318902187,"w":0.9971427917480469},"size":8.489385604858399,"orthographic":true}